Department,Salary
Finance,64714.28571428572
Hr,51600.0
It,81333.33333333333
Sales,60272.72727272727
